Year,Title,Director,Genres,LB_Rating,TMDb_Popularity
1945,"Sanshiro Sugata, Part Two",Akira Kurosawa,"Action, Drama, Adventure",2.89,0.9043
1945,花婿太閤記,Santaro Marune,,None,0.4405
1945,Theater,Kenkichi Hara,"Drama, War, Music",None,0.4058
1945,A Tale of Archery at the Sanjusangendo,Mikio Naruse,"War, Drama, History",None,0.3963
1945,Umi o yobu koe,Masamitsu Igayama,,None,0.3793
1946,No Regrets for Our Youth,Akira Kurosawa,"Drama, War, History",3.58,0.864
1946,Lord for a Night,Teinosuke Kinugasa,Drama,None,0.607
1946,Utamaro and His Five Women,Kenji Mizoguchi,Drama,3.71,0.5167
1946,Hinoki Butai,Shirō Toyoda,Drama,None,0.4694
1946,Those Who Make Tomorrow,Hideo Sekigawa,Drama,3.22,0.4509
1947,Marriage,Keisuke Kinoshita,"Drama, Romance",None,0.5315
1947,Record of a Tenement Gentleman,Yasujirō Ozu,"Drama, Comedy",3.87,0.6584
1947,The Love of the Actress Sumako,Kenji Mizoguchi,Drama,3.5,0.5883
1947,Snow Trail,Senkichi Taniguchi,"Drama, Crime",3.65,0.7981
1947,One Wonderful Sunday,Akira Kurosawa,"Drama, Romance",3.78,0.7971
1948,G-Men of Japan,Sadatsugu Matsuda,"Crime, Drama",None,3.3798
1948,Drunken Angel,Akira Kurosawa,Drama,3.9,1.569
1948,Children of the Beehive,Hiroshi Shimizu,Drama,4.08,0.7717
1948,A Hen in the Wind,Yasujirō Ozu,Drama,3.77,0.5722
1948,Women of the Night,Kenji Mizoguchi,Drama,None,0.5483
1949,Late Spring,Yasujirō Ozu,Drama,4.34,1.6394
1949,Stray Dog,Akira Kurosawa,"Crime, Drama, Thriller",4.02,1.5047
1949,The Quiet Duel,Akira Kurosawa,Drama,3.61,0.6164
1949,Broken Drum,Keisuke Kinoshita,"Comedy, Drama",None,0.4537
1949,Ghost Cat of Nabeshima,Kunio Watanabe,"Mystery, Horror",None,0.3771
1950,Till We Meet Again,Tadashi Imai,"Romance, War, Drama",3.57,0.6934
1950,Scandal,Akira Kurosawa,Drama,3.52,0.7226
1950,G-men of Japan 2: Bloody Duel at Shipwreck Cape,Sadatsugu Matsuda,"Drama, Action, Crime",None,3.679
1950,Rashomon,Akira Kurosawa,"Crime, Drama, Mystery",4.21,3.1062
1950,The Munekata Sisters,Yasujirō Ozu,Drama,3.78,0.889
1951,Early Summer,Yasujirō Ozu,Drama,4.21,1.2508
1951,The Idiot,Akira Kurosawa,"Drama, Romance",3.59,0.7093
1951,Repast,Mikio Naruse,Drama,3.88,0.624
1951,Carmen Comes Home,Keisuke Kinoshita,"Comedy, Music",3.38,0.5098
1951,The Inner Palace Conspiracy,Daisuke Itō,"Adventure, History, Mystery",None,0.4678
1952,The Life of Oharu,Kenji Mizoguchi,Drama,4.2,0.91
1952,The Flavor of Green Tea Over Rice,Yasujirō Ozu,Drama,4.03,1.1526
1952,Mother,Mikio Naruse,Drama,3.86,0.6533
1952,Ikiru,Akira Kurosawa,Drama,4.51,4.4156
1952,The Men Who Tread on the Tiger's Tail,Akira Kurosawa,"Drama, History, Thriller, Adventure",3.33,1.1641
1953,Tokyo Story,Yasujirō Ozu,Drama,4.43,2.6174
1953,Love Letter,Kinuyo Tanaka,"Romance, Drama",4.13,2.031
1953,Ugetsu,Kenji Mizoguchi,"Fantasy, Drama, Mystery",4.26,1.4066
1953,A Geisha,Kenji Mizoguchi,Drama,3.93,0.8748
1953,Gate of Hell,Teinosuke Kinugasa,"Drama, History, Romance",3.67,0.8004
1954,Seven Samurai,Akira Kurosawa,"Action, Drama",4.6,9.8256
1954,Godzilla,Ishirō Honda,"Thriller, Horror, Science Fiction",4.06,3.4937
1954,Sansho the Bailiff,Kenji Mizoguchi,Drama,4.42,1.5859
1954,Chikamatsu Monogatari,Kenji Mizoguchi,"Drama, Romance",4.15,0.9672
1954,Samurai I: Musashi Miyamoto,Hiroshi Inagaki,"Drama, Action, Adventure",3.66,0.9342
1955,Brooba,Shigeyoshi Suzuki,"Action, Adventure",None,0.9622
1955,Floating Clouds,Mikio Naruse,"Drama, Romance",3.92,1.0535
1955,Godzilla Raids Again,Motoyoshi Oda,"Science Fiction, Horror, Action",2.67,2.2287
1955,The Birth of Frogs,吉田六郎,Documentary,None,1.694
1955,Twilight Saloon,Tomu Uchida,Drama,None,1.2303
1956,Rodan,Ishirō Honda,"Horror, Science Fiction",3.21,1.9916
1956,The Burmese Harp,Kon Ichikawa,"Drama, War",4.14,1.6143
1956,Samurai III: Duel at Ganryu Island,Hiroshi Inagaki,"Action, Adventure, Drama, Romance, History",3.77,1.2259
1956,Warning from Space,Shima Kōji,"Science Fiction, Horror",2.97,1.1306
1956,Crazed Fruit,Kō Nakahira,"Romance, Drama",3.67,0.96
1957,An Osaka Story,Kōzaburō Yoshimura,"Comedy, Drama",None,1.1803
1957,Snow Country,Shirō Toyoda,"Drama, Romance",3.48,1.3216
1957,The Invisible Man vs. The Human Fly,Mitsuo Murayama,"Science Fiction, Crime, Horror",3.03,0.9148
1957,The Mysterians,Ishirō Honda,"Science Fiction, Action, Drama, Thriller, War",3.09,1.7257
1957,Throne of Blood,Akira Kurosawa,"Drama, History",4.27,1.7136
1958,The Hidden Fortress,Akira Kurosawa,"Drama, Action, Adventure",4.15,1.6616
1958,The H-Man,Ishirō Honda,"Science Fiction, Horror",3.04,1.0643
1958,Giants and Toys,Yasuzō Masumura,"Comedy, Drama",3.72,1.0477
1958,Equinox Flower,Yasujirō Ozu,"Comedy, Drama",4.04,0.8325
1958,The Snowy Heron,Teinosuke Kinugasa,Drama,None,2.183
1959,The Human Condition I: No Greater Love,Masaki Kobayashi,"War, Drama, History",4.57,2.842
1959,"Gaudi, Catalunya",Hiroshi Teshigahara,Documentary,None,1.8755
1959,Good Morning,Yasujirō Ozu,"Comedy, Family, Drama",4.2,1.7234
1959,The Human Condition II: Road to Eternity,Masaki Kobayashi,"War, Drama, History",4.48,1.5853
1959,Battle in Outer Space,Ishirō Honda,"Science Fiction, Action",2.92,1.1798
1960,Cruel Story of Youth,Nagisa Ōshima,"Romance, Drama, Crime",3.6,1.1419
1960,The Sun's Burial,Nagisa Ōshima,"Drama, Crime",3.56,1.0668
1960,Late Autumn,Yasujirō Ozu,"Drama, Comedy",4.12,1.1439
1960,Ayausgî G-Man - ânkoku gai no yagû,Masamitsu Igayama,"Crime, Drama",None,3.3562
1960,The Bad Sleep Well,Akira Kurosawa,"Crime, Drama, Thriller",4.11,1.7478
1961,Yojimbo,Akira Kurosawa,"Drama, Thriller",4.3,2.6868
1961,Mothra,Ishirō Honda,"Adventure, Science Fiction, Fantasy",3.51,1.4125
1961,The Human Condition III: A Soldier's Prayer,Masaki Kobayashi,"War, Drama, History",4.64,1.4104
1961,Satan's Sword III: The Final Chapter,Kazuo Mori,"Drama, Action",None,0.9162
1961,The End of Summer,Yasujirō Ozu,Drama,3.97,0.8846
1962,G-Men in the Pacific,Teruo Ishii,Crime,None,2.5223
1962,B.G. monogatari: Ekinyūmon,Sōkichi Tomimoto,,None,2.9068
1962,King Kong vs. Godzilla,Ishirō Honda,"Science Fiction, Comedy, Adventure, Fantasy, Action",3.06,2.0914
1962,Harakiri,Masaki Kobayashi,"Action, Drama, History",4.69,4.3407
1962,T-shi no gogo,Yoichi Takabayashi,,None,3.1135
1963,High and Low,Akira Kurosawa,"Drama, Crime",4.6,3.6627
1963,13 Assassins,Eiichi Kudō,"Adventure, Drama, Action",3.9,1.2355
1963,Atragon,Ishirō Honda,"Science Fiction, Action, Adventure, Fantasy",2.94,1.092
1963,Matango,Ishirō Honda,"Horror, Science Fiction, Thriller, Drama, Mystery, Fantasy",3.38,1.0874
1963,Detective Bureau 2-3: A Man Weak to Money and Women,Nozomu Yanase,"Crime, Action",None,0.838
1964,Ako,Hiroshi Teshigahara,Drama,3.66,1.8283
1964,Mothra vs. Godzilla,Ishirō Honda,"Drama, Action, Science Fiction",3.46,1.6558
1964,Woman in the Dunes,Hiroshi Teshigahara,"Drama, Thriller",4.47,1.6097
1964,Onibaba,Kaneto Shindō,Horror,4.08,1.5647
1964,"Ghidorah, the Three-Headed Monster",Ishirō Honda,"Science Fiction, Action, Fantasy, Thriller",3.39,1.534
1965,Story of a Prostitute,Seijun Suzuki,"Drama, Romance, War",3.78,1.3267
1965,Red Beard,Akira Kurosawa,Drama,4.41,1.4346
1965,Mysterious Medicine,Tadanari Okamoto,Animation,None,2.0691
1965,Kwaidan,Masaki Kobayashi,"Horror, Fantasy, Drama",4.24,2.0564
1965,Invasion of Astro-Monster,Ishirō Honda,"Science Fiction, Action",3.19,1.6851
1966,The Sword of Doom,Kihachi Okamoto,"Action, Drama",4.14,1.9132
1966,The Face of Another,Hiroshi Teshigahara,"Drama, Science Fiction",4.25,1.7641
1966,"Ebirah, Horror of the Deep",Jun Fukuda,"Science Fiction, Action, Fantasy",2.99,1.5854
1966,Tokyo Drifter,Seijun Suzuki,"Thriller, Crime, Action",3.76,1.5309
1966,The Woodpecker Plan,Tadanari Okamoto,Animation,None,1.4762
1967,Bed Dance,Toshio Okuwaki,,None,1.7948
1967,Son of Godzilla,Jun Fukuda,"Adventure, Family, Science Fiction",2.68,1.6834
1967,Japan's Longest Day,Kihachi Okamoto,"Drama, History, War",3.76,1.4938
1967,Samurai Rebellion,Masaki Kobayashi,"Drama, History, Action",4.29,1.3671
1967,King Kong Escapes,Ishirō Honda,"Action, Fantasy, Horror, Science Fiction",2.94,1.3135
1968,Destroy All Monsters,Ishirō Honda,"Science Fiction, Action",3.27,1.3393
1968,Genesis,Osamu Tezuka,"Comedy, Animation",None,1.4763
1968,Shogun's Joy of Torture,Teruo Ishii,"Horror, Drama",3.27,3.4007
1968,Koroshi,Peter Yates,"Thriller, Action, TV Movie",None,3.0744
1968,Horus: Prince of the Sun,Isao Takahata,"Adventure, Drama, Animation, Fantasy",3.34,1.4796
1969,Battle of the Japan Sea,Seiji Maruyama,"War, History, Drama",None,1.1155
1969,Love and Crime,Teruo Ishii,"Crime, Drama, Horror, Thriller",3.34,3.1456
1969,All Monsters Attack,Ishirō Honda,"Fantasy, Science Fiction, Family",2.14,1.6103
1969,Inferno of Torture,Teruo Ishii,"Drama, Horror",3.17,1.2957
1969,The Wonderful World of Puss 'n Boots,Kimio Yabuki,"Family, Action, Adventure, Comedy, Animation",3.52,1.2728
1970,Gamera vs. Jiger,Noriaki Yuasa,"Action, Adventure, Science Fiction, Family, Fantasy",2.87,0.9822
1970,Dodes'ka-den,Akira Kurosawa,Drama,3.72,1.057
1970,The Vampire Doll,Michio Yamamoto,"Horror, Mystery",3.37,1.7305
1970,Cleopatra: Queen of Sex,Osamu Tezuka,"Animation, Comedy, Science Fiction",3.2,2.0499
1970,Attack No. 1 - Tear Rotation Receive,Eiji Okabe,"Animation, Drama",None,2.9429
1971,"Sex Comedy, Quick on the Trigger",Shin Takakuwa,Comedy,None,3.2654
1971,Good-Bye,Katsu Kanai,Drama,None,2.4495
1971,Godzilla vs. Hedorah,Yoshimitsu Banno,"Science Fiction, Action, Horror",3.5,1.2533
1971,"Throw Away Your Books, Rally in the Streets",Shūji Terayama,Drama,4.17,1.0976
1971,The Battle of Okinawa,Kihachi Okamoto,"War, History",3.56,1.0887
1972,Lone Wolf and Cub: Baby Cart at the River Styx,Kenji Misumi,"Action, Drama, Adventure",4.01,1.6336
1972,Lone Wolf and Cub: Sword of Vengeance,Kenji Misumi,"Drama, Action, Adventure",3.8,1.9719
1972,Godzilla vs. Gigan,Jun Fukuda,"Action, Adventure, Science Fiction",3.02,1.5998
1972,Goodbye CP,Kazuo Hara,Documentary,3.97,3.7542
1972,Young sex: Rankô shori,Shinya Yamamoto,,None,2.6645
1973,Kamen Rider V3: The Movie,Minoru Yamada,"Science Fiction, Action, Adventure",None,4.1429
1973,Dangerous Trade in Kobe,Eiichi Kudō,"Drama, Crime",None,3.8598
1973,The Kingdom,Katsu Kanai,"Action, Thriller",4.08,2.5596
1973,Belladonna of Sadness,Eiichi Yamamoto,"Animation, Drama, Fantasy",3.72,2.0591
1973,Sex and Fury,Norifumi Suzuki,"Action, Crime",3.46,1.7105
1974,Kamen Rider X: The Movie,Issaku Uchida,"Action, Adventure, Science Fiction",None,3.8561
1974,Mazinger Z vs. Doctor Hell,Yugo Serikawa,"Science Fiction, Action, Animation",None,3.617
1974,The Scoundler vs. The Viper Brothers,Sadao Nakajima,"Action, Comedy, Crime",None,2.1181
1974,Yakuza vs. Gang Leader,Kōsaku Yamashita,"Crime, Drama",None,2.1089
1974,Love Is in the Green Wind,Miyoji Ieki,Drama,None,1.8299
1975,True Story of Poisonous Women: Confession of Color,Gen Sasaki,Drama,None,1.3347
1975,The Bullet Train,Junya Satō,"Action, Crime, Drama, Thriller",3.48,1.7862
1975,Lesbian World: Fondling,Chūsei Sone,Drama,None,2.0032
1975,UFO Robot Grendizer Theatrical Version,Tomoharu Katsumata,,None,3.2022
1975,Poruno repōto: Sex shikakenin,Akitaka Kimata,,None,2.3879
1976,In the Realm of the Senses,Nagisa Ōshima,"Drama, Romance",3.63,8.795
1976,Lady Moonflower,Katsuhiko Fujii,Drama,None,4.5309
1976,UFO Robot Grendizer vs. Great Mazinger,Osamu Kasai,"Animation, Action, Adventure, Science Fiction",None,3.85
1976,Oxen Split Torturing,Yuji Makiguchi,"Horror, Drama",3.12,2.9172
1976,Assault!,Yukihiro Sawada,Thriller,2.96,1.9055
1977,House,Nobuhiko Obayashi,"Comedy, Fantasy, Horror",3.99,2.1701
1977,The Story of Big 1: Sadaharu Oh,Yoshishige Yoshida,Documentary,None,2.9855
1977,Eros School: Feels So Good,Koretsugu Kurahara,"Comedy, Drama",None,2.0621
1977,New Female Prisoner Scorpion: Special Cellblock X,Yutaka Kohira,"Thriller, Drama, Crime",None,4.1813
1977,Yoko,Ban Bokuto,,3.01,3.0424
1978,Ubekosei,Hideaki Anno,Animation,None,2.0822
1978,J.A.K.Q. Dengekitai vs. Gorenger,Katsuhiko Taguchi,"Action, Adventure, Science Fiction",None,2.0739
1978,Empire of Passion,Nagisa Ōshima,"Drama, Romance, Horror",3.64,1.2513
1978,Message from Space,Kinji Fukasaku,"Action, Adventure, Science Fiction",2.98,1.1759
1978,Lupin the Third: The Mystery of Mamo,Soji Yoshikawa,"Animation, Adventure, Comedy, Crime, Drama",3.64,3.1833
1979,Sci-Fi West Saga Starzinger,Yugo Serikawa,"Science Fiction, Animation, Adventure",None,4.2305
1979,The Castle of Cagliostro,Hayao Miyazaki,"Animation, Adventure, Comedy, Crime",4.02,3.8819
1979,"Oh, My Son!",Keisuke Kinoshita,Drama,None,1.7749
1979,Star of David: Beauty Hunting,Norifumi Suzuki,"Horror, Thriller",3.35,1.6688
1979,Starzinger: The Nightmare of Energy,Unknown,"Animation, Science Fiction, Fantasy, Family",None,1.6008
1980,Night Office Lady: Thigh-Wrenching,Yoshiaki Horikoshi,,None,1.9523
1980,Tokyo Cabbageman K,Akira Ogata,"Comedy, Fantasy",3.51,1.5275
1980,Doraemon: Nobita's Dinosaur,Hiroshi Fukutomi,"Animation, Adventure, Family, Fantasy, Science Fiction",3.46,1.9929
1980,Distortion: Screw,Jun Fujimori,,None,2.3031
1980,Kagemusha,Akira Kurosawa,"Action, Drama, History, War",4.23,2.0102
1981,Good Luck Love,Yoshisuke Kawasaki,,None,6.2807
1981,Female Teacher in Rope Hell,Shōgorō Nishimura,"Drama, Horror",None,6.2336
1981,My Champion,Gwen Arner,Drama,None,6.1773
1981,Station,Yasuo Furuhata,"Drama, Thriller, Romance",3.61,4.4996
1981,Morning Moon Is Cruel,Masanori Watanabe,Drama,None,2.5042
1982,Dojo Breaker,Masaharu Segawa,"Action, Comedy",None,2.3917
1982,Computer Wars ISAMI,Izo Hashimoto,,None,2.7518
1982,The Magic Ballad,Tadanari Okamoto,Animation,None,2.3561
1982,Oh! Takarazuka,Kōyū Ohara,"Drama, Comedy",None,3.3844
1982,Starbirds,Michael Part,"Animation, Action, Science Fiction",None,3.191
1983,Sailor Uniform: Lily Lovers 2,Hiroyuki Nasu,"Drama, Romance",None,7.3625
1983,Choro Q Dougram,Masanori Miura,"Animation, Comedy, Science Fiction",None,2.4812
1983,Modori River,Tatsumi Kumashiro,,None,2.3135
1983,The Samurai and the Secret of the Flower,Susumu Kodama,"History, Action, Drama",None,2.0445
1983,"Merry Christmas, Mr. Lawrence",Nagisa Ōshima,"Drama, History, War",3.94,1.873
1984,Lensman,Kazuyuki Hirokawa,"Animation, Action, Science Fiction",3.22,6.0513
1984,Nausicaä of the Valley of the Wind,Hayao Miyazaki,"Adventure, Animation, Fantasy",None,5.7857
1984,Godzilla Fantasia,Senkichi Taniguchi,"Music, Science Fiction, Fantasy",None,4.7276
1984,Joshidai-ryō VS kango gakuen-ryō,Nobuyuki Saitō,,None,2.2764
1984,Nun in Rope Hell,Katsuhiko Fujii,"Drama, Horror",3.01,2.1344
1985,Clara White Paper - ShohjotaiPHOON!,Yoshisuke Kawasaki,"Comedy, Drama",None,3.622
1985,Guinea Pig: Devil's Experiment,Satoru Ogura,Horror,2.02,3.6474
1985,Sotsugyou -GRADUATION-,Ryō Kinoshita,Drama,None,3.9005
1985,Ran,Akira Kurosawa,"Action, Drama, History",4.51,4.466
1985,Beautiful Teacher in Torture Hell,Masahito Segawa,"Drama, Thriller, Horror",3.09,8.217
1986,Castle in the Sky,Hayao Miyazaki,"Adventure, Fantasy, Animation, Action, Family",4.08,7.6569
1986,Mr. Pen Pen,Yuzo Yamada,"Animation, TV Movie",None,4.1665
1986,Pro Golfer Saru: Super Golf World e no Chousen!!,Junji Nishimura,Animation,None,3.9132
1986,Superdimensional Romanesque Samy: Missing 99,Seiji Okuda,"Fantasy, Action, Adventure, Animation, Science Fiction",None,3.4264
1986,"Hello, Kids!",Mariko Miyagi,Documentary,None,3.0464
1987,Black Magic M-66,Shirow Masamune,"Action, Animation, Science Fiction",3.32,3.0845
1987,Holey Pants: Desire on a Stroll,Nobuyuki Kitajima,Animation,None,3.1945
1987,Dragon Ball: Sleeping Princess in Devil's Castle,Daisuke Nishio,"Action, Animation, Fantasy, Horror",2.93,2.8822
1987,Metal Skin Panic MADOX-01,Shinji Aramaki,"Science Fiction, Action, Comedy, Animation",3.09,4.7553
1987,Take the X Train,Rintaro,"Animation, Comedy, Science Fiction",3.46,4.4671
1988,My Neighbor Totoro,Hayao Miyazaki,"Fantasy, Animation, Family",4.19,10.1945
1988,Akira,Katsuhiro Otomo,"Animation, Science Fiction, Action",4.28,7.7174
1988,Door,Banmei Takahashi,"Horror, Mystery, Thriller",None,5.1972
1988,Dragon Ball: Mystical Adventure,Kazuhisa Takenouchi,"Action, Animation",3.09,3.6266
1988,Guinea Pig: Mermaid in the Manhole,Hideshi Hino,"Horror, Romance",3.36,2.8598
1989,Kiki's Delivery Service,Hayao Miyazaki,"Animation, Family, Fantasy, Drama",4.14,6.5668
1989,Lucky Sky Diamond,Izo Hashimoto,"Horror, Science Fiction",2.81,4.5452
1989,Dragon Ball Z: Dead Zone,Daisuke Nishio,"Animation, Action, Fantasy",3.01,3.9259
1989,Riki-Oh: The Wall of Hell,Satoshi Dezaki,"Action, Animation, Drama, Fantasy",3.26,3.836
1989,Mini Yon Soldier Rin!,Yuji Muto,"Animation, Action, Adventure, Comedy",None,3.5076
1990,Ghost,Takashi Ito,"Fantasy, Animation, Horror",3.59,3.06
1990,Nineteen 19,Koichi Chigira,"Animation, Romance, Drama",3.42,3.2273
1990,Dragon Ball Z: The World's Strongest,Daisuke Nishio,"Action, Animation, Science Fiction",2.88,3.3328
1990,Dragon Ball Z: The Tree of Might,Daisuke Nishio,"Action, Animation, Science Fiction",2.99,3.5136
1990,Dragon Ball Z: Bardock - The Father of Goku,Mitsuo Hashimoto,"Animation, Action, Science Fiction, Drama, Fantasy",None,3.9173
1991,Dragon Ball Z: Cooler's Revenge,Mitsuo Hashimoto,"Action, Animation, Science Fiction",3.29,5.6228
1991,Mobile Suit Gundam F91,Yoshiyuki Tomino,"Animation, Science Fiction",3.18,4.7845
1991,Mr. Gosuto ni Yoroshiku,Shinya Yamamoto,,None,4.0913
1991,Inferious Interplanetary War Chronicle - Condition Green,Shigeyasu Yamauchi,,None,3.71
1991,Dragon Ball Z: Lord Slug,Mitsuo Hashimoto,"Action, Animation, Science Fiction",2.79,3.6856
1992,Midori,Hiroshi Harada,"Animation, Drama, Horror",None,4.2425
1992,Iron Virgin Jun,Fumio Maezono,"Animation, Fantasy, Comedy",None,4.3898
1992,Dragon Ball Z: Super Android 13!,Daisuke Nishio,"Action, Animation, Science Fiction",3.01,4.2318
1992,Dragon Ball Z: The Return of Cooler,Daisuke Nishio,"Action, Animation, Science Fiction",2.99,7.26
1992,Porco Rosso,Hayao Miyazaki,"Family, Comedy, Animation, Adventure, Fantasy",4.03,5.3254
1993,Dragon Ball Z: Bojack Unbound,Yoshihiro Ueda,"Action, Animation, Science Fiction",3.25,8.0235
1993,Dragon Ball Z: Broly - The Legendary Super Saiyan,Shigeyasu Yamauchi,"Animation, Science Fiction, Action",None,6.5083
1993,Dragon Ball Z Side Story: Plan to Eradicate the Saiyans,Shigeyasu Yamauchi,"Action, Adventure, Animation",2.69,5.0609
1993,Samurai Kids,Nobuhiko Obayashi,"Adventure, Fantasy",3.54,4.1672
1993,Dragon Ball Z: The History of Trunks,Yoshihiro Ueda,"Animation, Action, Science Fiction",3.85,3.5247
1994,Dragon Ball Z: Bio-Broly,Yoshihiro Ueda,"Animation, Action, Science Fiction",2.05,4.6273
1994,Dragon Ball Z: Broly - Second Coming,Shigeyasu Yamauchi,"Animation, Action, Science Fiction",None,4.0882
1994,Ninja Sentai Kakuranger: The Movie,Shohei Tôjô,"Action, Adventure, Fantasy, Horror",None,3.8365
1994,Female Ninjas Magic Chronicles 4: Rebel Forces at the Threshold,Masaru Tsushima,Action,None,3.6067
1994,Pom Poko,Isao Takahata,"Adventure, Animation, Fantasy",3.71,3.4206
1995,Whisper of the Heart,Yoshifumi Kondo,"Animation, Drama, Family",4.18,4.0131
1995,Dragon Ball Z: Fusion Reborn,Shigeyasu Yamauchi,"Animation, Action, Science Fiction",3.69,4.5655
1995,Dragon Ball Z: Wrath of the Dragon,Mitsuo Hashimoto,"Animation, Action, Science Fiction",3.45,5.3335
1995,Gonin,Takashi Ishii,"Action, Crime, Thriller, Drama",3.73,6.3179
1995,Ghost in the Shell,Mamoru Oshii,"Action, Animation, Science Fiction",4.1,9.3028
1996,M.D. Geist II: Death Force,Koichi Ohata,"Science Fiction, Animation, Action",3.0,4.422
1996,Tenchi Muyo! In Love,Hiroshi Negishi,"Animation, Comedy",3.47,4.0214
1996,The Trap,Kaizo Hayashi,"Drama, Thriller, Mystery, Crime",None,3.9476
1996,That's Cunning! Shijo Saidai no Sakusen?,Hiroshi Sugawara,Comedy,None,3.7288
1996,Armitage III: Poly Matrix,Takuya Sato,"Animation, Science Fiction, Thriller",3.31,3.4769
1997,Baby Love,Susumu Kudo,"Animation, Romance",3.16,4.0642
1997,The King of Minami: Waiting Woman,Sadaaki Haginiwa,,None,4.4776
1997,Kôzuki Yaya: CLONEz,Natsuki Hariu,"Science Fiction, Horror",None,3.9881
1997,Princess Mononoke,Hayao Miyazaki,"Adventure, Fantasy, Animation",4.39,10.8275
1997,Neon Genesis Evangelion: The End of Evangelion,Kazuya Tsurumaki,"Animation, Science Fiction, Drama, Fantasy",4.47,6.3979
1998,Perfect Blue,Satoshi Kon,"Animation, Thriller",4.38,6.866
1998,Pokémon: The First Movie,Kunihiko Yuyama,"Animation, Family, Adventure, Fantasy, Action",None,5.73
1998,D,Junya Okabe,"Science Fiction, Action",3.3,5.6843
1998,Murder on D Street,Akio Jissoji,"Thriller, Mystery, Horror",3.54,5.4275
1998,Hunter × Hunter Pilot,Noriyuki Abe,"Animation, Action, Adventure, Fantasy",4.33,4.9282
1999,Marco: Carry a Dream,Kōzō Kusuba,Animation,None,5.1185
1999,New Third Gangster X,Shigeru Ishihara,"Drama, Crime",None,4.7971
1999,Pokémon the Movie 2000,Kunihiko Yuyama,"Adventure, Fantasy, Animation, Science Fiction, Family",None,4.1558
1999,Sailor Moon SuperS Memorial,Junichi Sato,"Animation, Romance",None,4.1459
1999,GTO: Great Teacher Onizuka,Masayuki Suzuki,"Comedy, Drama",3.38,3.6937
2000,Kamome,Genji Nakamura,Drama,None,4.183
2000,Battle Royale,Kinji Fukasaku,"Drama, Thriller, Action",3.86,4.3663
2000,Isola: Multiple Personality Girl,Toshiyuki Mizutani,"Horror, Drama, Science Fiction",2.92,4.3916
2000,Digimon Adventure 3D: Digimon Grand Prix!,Mamoru Hosoda,"Adventure, Animation",2.92,4.5162
2000,Godzilla vs. Megaguirus,Masaaki Tezuka,"Action, Science Fiction, Thriller, Horror",2.87,6.0175
2001,Spirited Away,Hayao Miyazaki,"Animation, Family, Fantasy",4.44,20.4629
2001,Pokémon: Mewtwo Returns,Masamitsu Hidaka,"Animation, Family, Action, Adventure, Drama, Fantasy",None,5.3975
2001,Saiyuki: Requiem,Hayato Date,"Action, Adventure, Animation",None,4.3649
2001,Cowboy Bebop: The Movie,Shinichiro Watanabe,"Action, Animation, Science Fiction",4.12,3.9993
2001,0cm⁴,Sion Sono,Drama,3.48,3.8855
2002,One Piece: Dream Soccer King!,Munehisa Sakai,"Fantasy, Comedy, Animation",3.24,4.4067
2002,Godzilla Against MechaGodzilla,Masaaki Tezuka,"Action, Science Fiction, Thriller",3.46,4.7885
2002,Armitage: Dual Matrix,Katsuhito Akiyama,"Thriller, Action, Animation, Science Fiction, Adventure",3.13,4.028
2002,Jam Films,Yukihiko Tsutsumi,"Comedy, Drama, Fantasy",3.36,5.1495
2002,The Cat Returns,Hiroyuki Morita,"Adventure, Fantasy, Animation, Drama, Family",3.64,5.1001
2003,Naruto: The Lost Story - Mission: Protect the Waterfall Village!,Hayato Date,"Animation, Action, Adventure",None,5.1293
2003,g@me.,Satoshi Isaka,Thriller,3.31,4.7634
2003,SHORT FILMS,Pierre Taki,Drama,None,3.99
2003,"One Piece Special: Open Upon the Great Sea! A Father's Huge, HUGE Dream!",Unknown,"Animation, Action, Adventure, TV Movie",3.17,3.7412
2003,Aizome Kyôko vs Kikuchi Eri: daburu G supotto,Kyōko Aizome,,None,3.7002
2004,Howl's Moving Castle,Hayao Miyazaki,"Fantasy, Animation, Adventure",4.36,14.3184
2004,Naruto the Movie: Ninja Clash in the Land of Snow,Tensai Okamura,"Comedy, Action, Animation, Adventure",3.09,5.6554
2004,Naruto OVA 3: Hidden Leaf Village Grand Sports Festival!,Hayato Date,"Action, Animation, Comedy",None,3.9668
2004,Bella Grazie,Mana Yasuda,Drama,None,3.7561
2004,One Piece: Curse of the Sacred Sword,Kazuhisa Takenouchi,"Animation, Adventure, Action",2.88,2.9808
2005,Always - Sunset on Third Street,Takashi Yamazaki,"Comedy, Drama",None,4.2842
2005,Shinobi: Heart Under Blade,Ten Shimoyama,Action,3.21,4.9203
2005,Naruto the Movie: Legend of the Stone of Gelel,Hirotsugu Kawasaki,"Animation, Adventure, Fantasy",2.78,4.6302
2005,xxxHOLiC The Movie: A Midsummer Night's Dream,Tsutomu Mizushima,"Animation, Comedy, Drama, Mystery, Fantasy",3.68,5.0584
2005,One Piece: Baron Omatsuri and the Secret Island,Mamoru Hosoda,"Action, Animation, Thriller, Comedy",4.06,6.1078
2006,Naruto the Movie: Guardians of the Crescent Moon Kingdom,Toshiyuki Tsuru,"Adventure, Animation, Action",2.93,5.562
2006,Paprika,Satoshi Kon,"Animation, Science Fiction, Thriller",2.81,5.5292
2006,Boys Love,Kotaro Terauchi,"Drama, Romance",2.94,4.9562
2006,Digimon Savers 3D: The Digital World in Imminent Danger!,Tetsuharu Nakamura,"Animation, Science Fiction",None,4.3071
2006,Happy!,Osamu Katayama,"TV Movie, Drama",3.35,3.5599
2007,Always: Sunset on Third Street 2,Takashi Yamazaki,"Comedy, Drama",3.63,5.7105
2007,Crows Zero,Takashi Miike,"Action, Comedy, Crime",3.61,6.1426
2007,Schoolboy Crush,Kotaro Terauchi,Drama,None,5.7037
2007,Otome wa Boku ni Koishiteru Special,Unknown,"Animation, Comedy, Romance",None,13.0577
2007,Naruto Shippuden the Movie,Hajime Kamegaki,"Animation, Action, Fantasy",3.18,7.5668
2008,Ponyo,Hayao Miyazaki,"Animation, Fantasy, Family",4.12,8.166
2008,Suspect X,Hiroshi Nishitani,"Crime, Drama, Mystery",3.67,6.4488
2008,Naruto Shippuden the Movie: Bonds,Hajime Kamegaki,"Fantasy, Animation, Action",3.06,6.0702
2008,Siren X,Hideo Jojo,"Thriller, Horror",None,5.2555
2008,Spooky Kitaro: Youkai Japan Rally 3D,Kenji Nakamura,"Adventure, Fantasy, Animation",None,5.0279
2009,Naruto Shippuden the Movie: The Will of Fire,Masahiko Murata,"Action, Adventure, Comedy, Drama, Fantasy, Animation",3.16,6.9466
2009,The Shock Labyrinth,Takashi Shimizu,"Horror, Thriller",2.58,5.2588
2009,Death Note Relight 2: L's Successors,Tetsuro Araki,"TV Movie, Thriller, Animation, Crime, Drama, Fantasy",3.62,5.2524
2009,Pokémon: Arceus and the Jewel of Life,Kunihiko Yuyama,"Family, Animation, Adventure, Fantasy",None,4.4633
2009,Mobile Suit Gundam 00 Special Edition I: Celestial Being,Seiji Mizushima,"Action, Drama, Adventure, Science Fiction, War, Animation",None,4.4314
2010,King of Thorn,Kazuyoshi Katayama,"Fantasy, Animation, Science Fiction",3.15,4.4146
2010,Atashin'chi: The 3D Movie,Wataru Takahashi,"Animation, Comedy",None,4.7819
2010,X Game,Yôhei Fukuda,Horror,None,5.3555
2010,The Secret World of Arrietty,Hiromasa Yonebayashi,"Fantasy, Animation, Family",3.85,6.3292
2010,Naruto Shippuden the Movie: The Lost Tower,Masahiko Murata,"Adventure, Action, Animation",3.05,6.4135
2011,Naruto Shippuden the Movie: Blood Prison,Masahiko Murata,"Thriller, Animation, Action, Comedy, Horror, Mystery",3.16,7.0538
2011,From Up on Poppy Hill,Goro Miyazaki,"Animation, Drama",3.74,4.495
2011,GARO - Kiba: The Dark Knight,Keita Amemiya,"Fantasy, Action, Adventure",None,3.779
2011,Crossroads,Masatoshi Kurakata,Drama,3.21,3.459
2011,Magister Negi Magi: Anime Final,Ken'ichi Ishikura,"Action, Animation, Adventure, Fantasy",None,3.3144
2012,One Piece Film: Z,Tatsuya Nagamine,"Animation, Fantasy, Action, Adventure",3.64,5.0928
2012,Wolf Children,Mamoru Hosoda,"Animation, Family, Drama, Fantasy",4.12,5.2626
2012,Kamen Rider × Super Sentai: Super Hero Trouble – Who’s the culprit?!,Hiroyuki Kato,"Action, Comedy, Adventure, Science Fiction",None,4.8248
2012,Kamen Rider × Super Sentai: Super Hero Wars,Osamu Kaneda,"Action, Adventure, Science Fiction",3.39,6.004
2012,Berserk: The Golden Age Arc I - The Egg of the King,Toshiyuki Kubooka,"Animation, Action, Adventure, Fantasy",None,5.4631
2013,The Wind Rises,Hayao Miyazaki,"Drama, Animation, Romance, War, History",4.12,5.7925
2013,Dragon Ball Z: Battle of Gods,Masahiro Hosoda,"Animation, Action, Science Fiction",3.33,5.5316
2013,Pretty Cure All Stars New Stage 2: Friends from the Heart,Kouji Ogawa,"Animation, Action, Fantasy, Comedy, Adventure, Family",None,5.4186
2013,Sadako 3D 2,Tsutomu Hanabusa,Horror,2.06,4.9902
2013,R100,Hitoshi Matsumoto,"Comedy, Drama",3.24,4.8771
2014,Fate/kaleid liner Prisma☆Illya: Dance at the Sports Festival!,Masato Jimbo,"Animation, Fantasy, Comedy",None,18.5358
2014,Sekaiichi Hatsukoi Movie,Chiaki Kon,"Animation, Romance, Drama, Comedy",3.41,11.9417
2014,Girl's Blood,Koichi Sakamoto,"Action, Drama, Romance",None,6.5298
2014,Black Butler: Book of Murder,Noriyuki Abe,"Mystery, Animation, Adventure, Action",3.79,5.5712
2014,"Watch-out! Luna, the Teacher",Chihiro Nakamura,Comedy,None,5.4123
2015,Pokémon the Movie: Hoopa and the Clash of Ages,Kunihiko Yuyama,"Family, Adventure, Animation, Action, Fantasy",None,5.5192
2015,Murder on D Street,Shoji Kubota,Mystery,3.54,5.7211
2015,Dragon Ball Z: Resurrection 'F',Tadayoshi Yamamuro,"Action, Animation, Science Fiction",3.01,8.4486
2015,Initial D Legend 2: Racer,Masamitsu Hidaka,"Animation, Drama, Action",3.56,5.896
2015,Fate/kaleid liner Prisma☆Illya 2wei!: Magical Girl in Hot Springs Inn,Masato Jimbo,"Animation, Fantasy, Comedy",None,17.6564
2016,Your Name.,Makoto Shinkai,"Animation, Romance, Drama",4.23,17.7326
2016,A Silent Voice: The Movie,Naoko Yamada,"Animation, Drama, Romance",4.2,9.2583
2016,RE:BORN,Yuji Shimomura,"Action, Crime",None,8.4625
2016,HK: Hentai Kamen 2 - Abnormal Crisis,Yuichi Fukuda,"Action, Comedy",None,6.5865
2016,What if you can talk to your Belongings?,Futaro Koto,,None,5.4202
2017,Tokyo Idols,Kyoko Miyake,"Music, Documentary",3.54,5.1646
2017,Mazinger Z: Infinity,Junji Shimizu,"Action, Science Fiction, Animation",3.03,5.2583
2017,Resident Evil: Vendetta,Takanori Tsujimoto,"Action, Animation, Adventure, Science Fiction, Horror",3.09,4.862
2017,Godzilla: Planet of the Monsters,Hiroyuki Seshita,"Animation, Action, Science Fiction",2.62,6.4462
2017,Kamen Rider × Super Sentai: Ultra Super Hero Wars,Osamu Kaneda,"Action, Adventure, Science Fiction",3.07,5.7651
2018,Godzilla: The Planet Eater,Hiroyuki Seshita,"Animation, Science Fiction, Action, Adventure",2.49,6.2979
2018,Yo-kai Watch: Friends Forever,Shigeharu Takahashi,"Animation, Fantasy, Adventure",3.47,5.3745
2018,The Testament of Sister New Devil: Departures,Hisashi Saito,"Animation, Action, Romance, Fantasy",3.1,5.3224
2018,Call Boy,Daisuke Miura,Drama,2.71,4.5847
2018,Kamen Rider Ex-Aid Trilogy: Another Ending - Kamen Rider Para-DX with Poppy,Nobuhiro Suzumura,"Science Fiction, Action, Adventure",None,4.3694
2019,Saekano the Movie: Finale,Kanta Kamei,"Animation, Comedy, Romance, Drama",3.7,6.4207
2019,Utano Princesama Maji LOVE Kingdom,Jouji Furuta,"Animation, Romance, Music",None,5.8901
2019,Weathering with You,Makoto Shinkai,"Animation, Drama, Fantasy, Romance",3.69,5.693
2019,It Feels So Good,Haruhiko Arai,"Drama, Romance",3.46,5.581
2019,One Piece: Episode of Skypiea,Konosuke Uda,"TV Movie, Animation, Action, Adventure, Comedy",3.31,5.5024
2020,Secret × Heroine Phantomirage! ~We've Become a Movie~,Takashi Miike,"Family, Comedy, Fantasy, Action",None,4.3858
2020,"Josee, the Tiger and the Fish",Kotaro Tamura,"Animation, Drama, Romance",3.77,3.8327
2020,Digimon Adventure: Last Evolution Kizuna,Tomohisa Taguchi,"Animation, Action, Adventure, Fantasy",3.87,5.9039
2020,Demon Slayer -Kimetsu no Yaiba- The Movie: Mugen Train,Haruo Sotozaki,"Animation, Action, Fantasy",None,11.204
2020,Dangerous Drugs of Sex,Hideo Jojo,"Thriller, Drama, Horror",2.39,4.8885
2021,Jujutsu Kaisen 0,Sunghoo Park,"Animation, Action, Fantasy",3.92,8.7984
2021,Cube,Yasuhiko Shimizu,"Thriller, Mystery, Science Fiction",3.27,5.0297
2021,Rurouni Kenshin: The Final,Keishi Otomo,"Action, Adventure, History, Drama",3.61,5.0254
2021,Eureka: Eureka Seven Hi-Evolution,Tomoki Kyoda,"Animation, Drama, Adventure, Science Fiction, Romance, Action",None,5.0139
2021,DOORS,倉持裕,,None,4.9897
2022,The Quintessential Quintuplets Movie,Masato Jimbo,"Animation, Comedy, Romance",3.34,4.8813
2022,Suzume,Makoto Shinkai,"Animation, Drama, Adventure, Fantasy",3.82,5.8709
2022,Fruits Basket -prelude-,Yoshihide Ibata,"Animation, Drama, Romance",None,6.3405
2022,DEEMO Memorial Keys,Shuhei Matsushita,"Animation, Drama, Romance, Mystery, Fantasy",2.96,8.9019
2022,Dragon Ball Super: Super Hero,Tetsuro Kodama,"Animation, Science Fiction, Action",3.47,6.6683
2023,Godzilla Minus One,Takashi Yamazaki,"Science Fiction, Horror, Action",4.07,10.4259
2023,The Boy and the Heron,Hayao Miyazaki,"Animation, Adventure, Fantasy, Drama, Family",3.91,10.2872
2023,Perfect Days,Wim Wenders,Drama,None,7.2118
2023,Resident Evil: Death Island,Eiichiro Hasumi,"Action, Animation, Science Fiction, Horror",2.92,6.9319
2023,Monster,Hirokazu Kore-eda,"Mystery, Thriller, Drama",3.66,6.6323
2024,Drawing Closer,Takahiro Miki,"Romance, Drama",4.05,6.0718
2024,"Woman who married into a farm family, fine fingers of a future wife",Sukejirou Oniashi,Romance,None,6.3984
2024,Look Back,Kiyotaka Oshiyama,"Animation, Drama",None,5.6588
2024,Solo Leveling -ReAwakening-,Shunsuke Nakashige,"Action, Adventure, Fantasy, Animation",None,12.5729
2024,My Hero Academia: You're Next,Tensai Okamura,"Animation, Action, Adventure, Science Fiction",3.36,6.4424
2025,Chainsaw Man - The Movie: Reze Arc,Tatsuya Yoshihara,"Animation, Action, Romance, Fantasy",None,32.9546
2025,JUJUTSU KAISEN: Execution,Shota Goshozono,"Animation, Action",3.39,28.4917
2025,Demon Slayer: Kimetsu no Yaiba Infinity Castle,Haruo Sotozaki,"Animation, Action, Fantasy",4.03,81.0113
2025,Exit 8,Genki Kawamura,"Horror, Mystery",3.11,50.7896
2025,Miss Kobayashi's Dragon Maid: A lonely dragon wants to be loved,Tatsuya Ishihara,"Animation, Comedy, Fantasy",None,10.4615
